"DESCRIPTION","DURATION IN MS","NAME","PARENT SUITE","START TIME","STATUS","STOP TIME","SUB SUITE","SUITE","TEST CLASS","TEST METHOD"
"","1188","03 should reject invalid email format","chromium","2026-04-02","passed","2026-04-02","User Registration","registration.spec.js","",""
"","2592","15 should show back to orders link on detail","firefox","2026-04-02","passed","2026-04-02","Order Tracking","order-tracking.spec.js","",""
"","3651","09 should filter Home and Kitchen category","webkit","2026-04-02","passed","2026-04-02","Search and Filter","search-filter.spec.js","",""
"","7126","06 should complete order with credit card details","webkit","2026-04-02","passed","2026-04-02","Checkout Flow","checkout.spec.js","",""
"","1277","03 should show review form when logged in","firefox","2026-04-02","passed","2026-04-02","Product Reviews","reviews.spec.js","",""
"","4190","05 should show empty cart message after clear","firefox","2026-04-02","passed","2026-04-02","Shopping Cart","shopping-cart.spec.js","",""
"","1792","09 should filter Home and Kitchen category","firefox","2026-04-02","passed","2026-04-02","Search and Filter","search-filter.spec.js","",""
"","739","03 should show stock status","firefox","2026-04-02","passed","2026-04-02","Product Detail Page","product-detail.spec.js","",""
"","2665","13 should clear filters via Clear All","firefox","2026-04-02","passed","2026-04-02","Product Browsing","product-browsing.spec.js","",""
"","1333","02 should prompt sign in when logged out","webkit","2026-04-02","passed","2026-04-02","Product Reviews","reviews.spec.js","",""
"","699","05 should validate empty password","firefox","2026-04-02","passed","2026-04-02","User Login","login.spec.js","",""
"","1759","06 should sort by newest","firefox","2026-04-02","passed","2026-04-02","Product Browsing","product-browsing.spec.js","",""
"","851","14 should show review cards for seeded data","firefox","2026-04-02","passed","2026-04-02","Product Reviews","reviews.spec.js","",""
"","2677","07 should redirect away from checkout when cart empty","firefox","2026-04-02","passed","2026-04-02","Checkout Flow","checkout.spec.js","",""
"","6668","11 should show tax and shipping in review","webkit","2026-04-02","passed","2026-04-02","Checkout Flow","checkout.spec.js","",""
"","5215","11 should show tax and shipping in review","chromium","2026-04-02","passed","2026-04-02","Checkout Flow","checkout.spec.js","",""
"","908","14 should show Sign In button","webkit","2026-04-02","passed","2026-04-02","User Login","login.spec.js","",""
"","2731","04 should combine category and brand text filter","firefox","2026-04-02","passed","2026-04-02","Search and Filter","search-filter.spec.js","",""
"","2110","06 should show empty state for nonsense search","webkit","2026-04-02","passed","2026-04-02","Search and Filter","search-filter.spec.js","",""
"","1840","06 should show validation for short comment","webkit","2026-04-02","passed","2026-04-02","Product Reviews","reviews.spec.js","",""
"","2674","13 should show payment method on detail","firefox","2026-04-02","passed","2026-04-02","Order Tracking","order-tracking.spec.js","",""
"","2028","05 should show order status section on detail","webkit","2026-04-02","passed","2026-04-02","Order Tracking","order-tracking.spec.js","",""
"","2037","01 should search via navbar and show results heading","webkit","2026-04-02","passed","2026-04-02","Search and Filter","search-filter.spec.js","",""
"","2762","06 should show empty state for nonsense search","firefox","2026-04-02","passed","2026-04-02","Search and Filter","search-filter.spec.js","",""
"","1046","15 should show sort dropdown","firefox","2026-04-02","passed","2026-04-02","Product Browsing","product-browsing.spec.js","",""
"","1144","07 should show product description text","webkit","2026-04-02","passed","2026-04-02","Product Detail Page","product-detail.spec.js","",""
"","1448","01 should display product name on detail page","webkit","2026-04-02","passed","2026-04-02","Product Detail Page","product-detail.spec.js","",""
"","835","15 should allow Bob to open review form on eligible product","chromium","2026-04-02","passed","2026-04-02","Product Reviews","reviews.spec.js","",""
"","1624","11 should show cart page heading","chromium","2026-04-02","passed","2026-04-02","Shopping Cart","shopping-cart.spec.js","",""
"","5065","05 should show empty cart message after clear","webkit","2026-04-02","passed","2026-04-02","Shopping Cart","shopping-cart.spec.js","",""
"","1202","04 should validate empty email before submit","webkit","2026-04-02","passed","2026-04-02","User Login","login.spec.js","",""
"","1286","05 should validate empty password","webkit","2026-04-02","passed","2026-04-02","User Login","login.spec.js","",""
"","1842","14 should load products page title All Products","webkit","2026-04-02","passed","2026-04-02","Product Browsing","product-browsing.spec.js","",""
"","907","02 should show results count text","firefox","2026-04-02","passed","2026-04-02","Product Browsing","product-browsing.spec.js","",""
"","1044","08 should stay logged in when navigating to products","chromium","2026-04-02","passed","2026-04-02","User Login","login.spec.js","",""
"","2647","03 should filter by price range min max","webkit","2026-04-02","passed","2026-04-02","Search and Filter","search-filter.spec.js","",""
"","1286","06 should validate invalid email format","webkit","2026-04-02","passed","2026-04-02","User Login","login.spec.js","",""
"","1864","07 should filter by minimum rating 4 stars","chromium","2026-04-02","passed","2026-04-02","Search and Filter","search-filter.spec.js","",""
"","1466","15 should display compare-at price when on sale","webkit","2026-04-02","passed","2026-04-02","Product Detail Page","product-detail.spec.js","",""
"","1538","11 should filter by Books category","chromium","2026-04-02","passed","2026-04-02","Search and Filter","search-filter.spec.js","",""
"","2657","05 should clear all filters","firefox","2026-04-02","passed","2026-04-02","Search and Filter","search-filter.spec.js","",""
"","982","15 should show back to orders link on detail","chromium","2026-04-02","passed","2026-04-02","Order Tracking","order-tracking.spec.js","",""
"","729","08 should show errors when required fields empty","firefox","2026-04-02","passed","2026-04-02","User Registration","registration.spec.js","",""
"","717","10 should navigate to product detail when clicking a card","chromium","2026-04-02","passed","2026-04-02","Product Browsing","product-browsing.spec.js","",""
"","2191","04 should remove item from cart","chromium","2026-04-02","passed","2026-04-02","Shopping Cart","shopping-cart.spec.js","",""
"","1417","14 should prompt login for reviews when logged out","webkit","2026-04-02","passed","2026-04-02","Product Detail Page","product-detail.spec.js","",""
"","1289","09 should show Account dropdown after login","firefox","2026-04-02","passed","2026-04-02","User Login","login.spec.js","",""
"","766","10 should show numeric review count in heading","firefox","2026-04-02","passed","2026-04-02","Product Reviews","reviews.spec.js","",""
"","913","13 should load login form with email and password fields","webkit","2026-04-02","passed","2026-04-02","User Login","login.spec.js","",""
"","1726","03 should show toast for unregistered email","webkit","2026-04-02","passed","2026-04-02","User Login","login.spec.js","",""
"","2159","09 should show Browse Products on empty orders for new user","chromium","2026-04-02","passed","2026-04-02","Order Tracking","order-tracking.spec.js","",""
"","3984","08 should filter by Electronics category","webkit","2026-04-02","passed","2026-04-02","Product Browsing","product-browsing.spec.js","",""
"","776","08 should show reviews section heading","firefox","2026-04-02","passed","2026-04-02","Product Detail Page","product-detail.spec.js","",""
"","1644","12 should show Filters sidebar on desktop","webkit","2026-04-02","passed","2026-04-02","Product Browsing","product-browsing.spec.js","",""
"","2781","14 should show payment options including Debit Card","firefox","2026-04-02","passed","2026-04-02","Checkout Flow","checkout.spec.js","",""
"","910","14 should load products page title All Products","firefox","2026-04-02","passed","2026-04-02","Product Browsing","product-browsing.spec.js","",""
"","560","14 should show review cards for seeded data","chromium","2026-04-02","passed","2026-04-02","Product Reviews","reviews.spec.js","",""
"","1435","07 should reject invalid phone","firefox","2026-04-02","passed","2026-04-02","User Registration","registration.spec.js","",""
"","694","14 should show password fields as password type","firefox","2026-04-02","passed","2026-04-02","User Registration","registration.spec.js","",""
"","5148","08 should show review step with item list","firefox","2026-04-02","passed","2026-04-02","Checkout Flow","checkout.spec.js","",""
"","1174","05 should reject weak password without uppercase","chromium","2026-04-02","passed","2026-04-02","User Registration","registration.spec.js","",""
"","731","07 should show product description text","firefox","2026-04-02","passed","2026-04-02","Product Detail Page","product-detail.spec.js","",""
"","576","08 should show reviews section heading","chromium","2026-04-02","passed","2026-04-02","Product Detail Page","product-detail.spec.js","",""
"","1474","05 should show validation for short review title","firefox","2026-04-02","passed","2026-04-02","Product Reviews","reviews.spec.js","",""
"","1154","01 should search via navbar and show results heading","firefox","2026-04-02","passed","2026-04-02","Search and Filter","search-filter.spec.js","",""
"","1705","12 should allow typing brand partial match","firefox","2026-04-02","passed","2026-04-02","Search and Filter","search-filter.spec.js","",""
"","2639","06 should show order summary with subtotal","webkit","2026-04-02","passed","2026-04-02","Shopping Cart","shopping-cart.spec.js","",""
"","5233","05 should complete order with UPI and valid UPI id","firefox","2026-04-02","passed","2026-04-02","Checkout Flow","checkout.spec.js","",""
"","1627","11 should show product cards with price","webkit","2026-04-02","passed","2026-04-02","Product Browsing","product-browsing.spec.js","",""
"","2213","01 should show cart with line item","firefox","2026-04-02","passed","2026-04-02","Shopping Cart","shopping-cart.spec.js","",""
"","1429","06 should not show add to cart for out of stock product","webkit","2026-04-02","passed","2026-04-02","Product Detail Page","product-detail.spec.js","",""
"","1502","02 should filter by Footwear category","chromium","2026-04-02","passed","2026-04-02","Search and Filter","search-filter.spec.js","",""
"","873","06 should show status tracker component","chromium","2026-04-02","passed","2026-04-02","Order Tracking","order-tracking.spec.js","",""
"","1868","10 should persist search in URL query","webkit","2026-04-02","passed","2026-04-02","Search and Filter","search-filter.spec.js","",""
"","1974","07 should redirect away from checkout when cart empty","chromium","2026-04-02","passed","2026-04-02","Checkout Flow","checkout.spec.js","",""
"","2520","10 should show order date on list card","webkit","2026-04-02","passed","2026-04-02","Order Tracking","order-tracking.spec.js","",""
"","3401","04 should remove item from cart","webkit","2026-04-02","passed","2026-04-02","Shopping Cart","shopping-cart.spec.js","",""
"","1193","02 should reject duplicate email","chromium","2026-04-02","passed","2026-04-02","User Registration","registration.spec.js","",""
"","3507","12 should show invalid zip client error","webkit","2026-04-02","passed","2026-04-02","Checkout Flow","checkout.spec.js","",""
"","822","12 should load reviews from API","firefox","2026-04-02","passed","2026-04-02","Product Reviews","reviews.spec.js","",""
"","3123","12 should show invalid zip client error","chromium","2026-04-02","passed","2026-04-02","Checkout Flow","checkout.spec.js","",""
"","5205","11 should show tax and shipping in review","firefox","2026-04-02","passed","2026-04-02","Checkout Flow","checkout.spec.js","",""
"","1799","02 should filter by Footwear category","firefox","2026-04-02","passed","2026-04-02","Search and Filter","search-filter.spec.js","",""
"","787","14 should prompt login for reviews when logged out","firefox","2026-04-02","passed","2026-04-02","Product Detail Page","product-detail.spec.js","",""
"","1270","09 should list existing reviews when present","webkit","2026-04-02","passed","2026-04-02","Product Reviews","reviews.spec.js","",""
"","7207","05 should complete order with UPI and valid UPI id","webkit","2026-04-02","passed","2026-04-02","Checkout Flow","checkout.spec.js","",""
"","886","13 should keep user on product page after failed validation","chromium","2026-04-02","passed","2026-04-02","Product Reviews","reviews.spec.js","",""
"","920","12 should have password input type password","webkit","2026-04-02","passed","2026-04-02","User Login","login.spec.js","",""
"","588","02 should display price with rupee symbol","chromium","2026-04-02","passed","2026-04-02","Product Detail Page","product-detail.spec.js","",""
"","22828","13 should keep user on product page after failed validation","webkit","2026-04-02","passed","2026-04-02","Product Reviews","reviews.spec.js","",""
"","2287","08 should navigate to checkout via link","firefox","2026-04-02","passed","2026-04-02","Shopping Cart","shopping-cart.spec.js","",""
"","1995","13 should accept optional empty phone when other fields valid","webkit","2026-04-02","passed","2026-04-02","User Registration","registration.spec.js","",""
"","1224","01 should login successfully with valid seeded credentials","firefox","2026-04-02","passed","2026-04-02","User Login","login.spec.js","",""
"","2150","13 should have remember shipping checkbox","firefox","2026-04-02","passed","2026-04-02","Checkout Flow","checkout.spec.js","",""
"","614","06 should not show add to cart for out of stock product","chromium","2026-04-02","passed","2026-04-02","Product Detail Page","product-detail.spec.js","",""
"","2224","07 should filter by minimum rating 4 stars","firefox","2026-04-02","passed","2026-04-02","Search and Filter","search-filter.spec.js","",""
"","1448","08 should filter by Accessories category","chromium","2026-04-02","passed","2026-04-02","Search and Filter","search-filter.spec.js","",""
"","753","11 should navigate to register from login page","firefox","2026-04-02","passed","2026-04-02","User Login","login.spec.js","",""
"","2391","04 should sort by price high to low","webkit","2026-04-02","passed","2026-04-02","Product Browsing","product-browsing.spec.js","",""
"","1345","15 should stay on register when client validation fails","webkit","2026-04-02","passed","2026-04-02","User Registration","registration.spec.js","",""
"","2112","15 should allow Bob to open review form on eligible product","webkit","2026-04-02","passed","2026-04-02","Product Reviews","reviews.spec.js","",""
"","3452","05 should show empty cart message after clear","chromium","2026-04-02","passed","2026-04-02","Shopping Cart","shopping-cart.spec.js","",""
"","5299","06 should complete order with credit card details","firefox","2026-04-02","passed","2026-04-02","Checkout Flow","checkout.spec.js","",""
"","4586","14 should toggle same category off when clicked again","webkit","2026-04-02","passed","2026-04-02","Search and Filter","search-filter.spec.js","",""
"","3040","01 should show checkout steps","firefox","2026-04-02","passed","2026-04-02","Checkout Flow","checkout.spec.js","",""
"","1838","03 should show order id on card","firefox","2026-04-02","passed","2026-04-02","Order Tracking","order-tracking.spec.js","",""
"","1081","02 should show toast on wrong password","chromium","2026-04-02","passed","2026-04-02","User Login","login.spec.js","",""
"","5306","02 should list at least one order for seeded Alice","webkit","2026-04-02","passed","2026-04-02","Order Tracking","order-tracking.spec.js","",""
"","427","12 should have password input type password","chromium","2026-04-02","passed","2026-04-02","User Login","login.spec.js","",""
"","1558","04 should navigate to order detail","chromium","2026-04-02","passed","2026-04-02","Order Tracking","order-tracking.spec.js","",""
"","748","01 should show reviews section on product page","firefox","2026-04-02","passed","2026-04-02","Product Reviews","reviews.spec.js","",""
"","1458","05 should reject weak password without uppercase","firefox","2026-04-02","passed","2026-04-02","User Registration","registration.spec.js","",""
"","1566","01 should show products grid when data loads","webkit","2026-04-02","passed","2026-04-02","Product Browsing","product-browsing.spec.js","",""
"","1201","09 should navigate to login from footer link","webkit","2026-04-02","passed","2026-04-02","User Registration","registration.spec.js","",""
"","2733","03 should advance to payment after valid shipping","firefox","2026-04-02","passed","2026-04-02","Checkout Flow","checkout.spec.js","",""
"","603","01 should show reviews section on product page","chromium","2026-04-02","passed","2026-04-02","Product Reviews","reviews.spec.js","",""
"","2592","15 should load checkout only when authenticated","firefox","2026-04-02","passed","2026-04-02","Checkout Flow","checkout.spec.js","",""
"","613","01 should display product name on detail page","chromium","2026-04-02","passed","2026-04-02","Product Detail Page","product-detail.spec.js","",""
"","1546","13 should show line subtotal per item","chromium","2026-04-02","passed","2026-04-02","Shopping Cart","shopping-cart.spec.js","",""
"","1178","07 should keep user on login page when validation fails","webkit","2026-04-02","passed","2026-04-02","User Login","login.spec.js","",""
"","2642","12 should show shipping block on detail","firefox","2026-04-02","passed","2026-04-02","Order Tracking","order-tracking.spec.js","",""
"","2722","10 should display product title in cart line","webkit","2026-04-02","passed","2026-04-02","Shopping Cart","shopping-cart.spec.js","",""
"","2754","09 should show Browse Products on empty orders for new user","webkit","2026-04-02","failed","2026-04-02","Order Tracking","order-tracking.spec.js","",""
"","649","15 should show sort dropdown","chromium","2026-04-02","passed","2026-04-02","Product Browsing","product-browsing.spec.js","",""
"","981","11 should show total on order card","chromium","2026-04-02","passed","2026-04-02","Order Tracking","order-tracking.spec.js","",""
"","2212","12 should show shipping block on detail","webkit","2026-04-02","passed","2026-04-02","Order Tracking","order-tracking.spec.js","",""
"","2588","15 should sort by top rated","webkit","2026-04-02","passed","2026-04-02","Search and Filter","search-filter.spec.js","",""
"","3741","10 should logout and show Login link","webkit","2026-04-02","passed","2026-04-02","User Login","login.spec.js","",""
"","4429","02 should validate empty address fields","chromium","2026-04-02","passed","2026-04-02","Checkout Flow","checkout.spec.js","",""
"","2855","13 should have remember shipping checkbox","webkit","2026-04-02","passed","2026-04-02","Checkout Flow","checkout.spec.js","",""
"","1359","11 should navigate back using browser history","webkit","2026-04-02","passed","2026-04-02","Product Detail Page","product-detail.spec.js","",""
"","1185","10 should show brand when present","webkit","2026-04-02","passed","2026-04-02","Product Detail Page","product-detail.spec.js","",""
"","1760","08 should filter by Accessories category","firefox","2026-04-02","passed","2026-04-02","Search and Filter","search-filter.spec.js","",""
"","2217","02 should reject duplicate email","webkit","2026-04-02","passed","2026-04-02","User Registration","registration.spec.js","",""
"","3851","04 should complete order with Cash on Delivery","firefox","2026-04-02","passed","2026-04-02","Checkout Flow","checkout.spec.js","",""
"","1581","15 should allow proceeding to checkout when items exist","chromium","2026-04-02","passed","2026-04-02","Shopping Cart","shopping-cart.spec.js","",""
"","1217","02 should show toast on wrong password","firefox","2026-04-02","passed","2026-04-02","User Login","login.spec.js","",""
"","580","06 should validate invalid email format","chromium","2026-04-02","passed","2026-04-02","User Login","login.spec.js","",""
"","1579","07 should show total in summary","chromium","2026-04-02","passed","2026-04-02","Shopping Cart","shopping-cart.spec.js","",""
"","1143","10 should persist search in URL query","chromium","2026-04-02","passed","2026-04-02","Search and Filter","search-filter.spec.js","",""
"","3473","03 should decrease quantity","firefox","2026-04-02","passed","2026-04-02","Shopping Cart","shopping-cart.spec.js","",""
"","3487","07 should redirect away from checkout when cart empty","webkit","2026-04-02","passed","2026-04-02","Checkout Flow","checkout.spec.js","",""
"","590","09 should show product image","chromium","2026-04-02","passed","2026-04-02","Product Detail Page","product-detail.spec.js","",""
"","2490","14 Bob should not see cancel on shipped order","webkit","2026-04-02","passed","2026-04-02","Order Tracking","order-tracking.spec.js","",""
"","2758","12 should show invalid zip client error","firefox","2026-04-02","passed","2026-04-02","Checkout Flow","checkout.spec.js","",""
"","1185","07 should reject invalid phone","chromium","2026-04-02","passed","2026-04-02","User Registration","registration.spec.js","",""
"","1902","03 should show review form when logged in","webkit","2026-04-02","passed","2026-04-02","Product Reviews","reviews.spec.js","",""
"","582","10 should show brand when present","chromium","2026-04-02","passed","2026-04-02","Product Detail Page","product-detail.spec.js","",""
"","1446","10 should show numeric review count in heading","webkit","2026-04-02","passed","2026-04-02","Product Reviews","reviews.spec.js","",""
"","4954","05 should clear all filters","webkit","2026-04-02","passed","2026-04-02","Search and Filter","search-filter.spec.js","",""
"","2784","05 should sort by name A-Z","webkit","2026-04-02","passed","2026-04-02","Product Browsing","product-browsing.spec.js","",""
"","844","05 should show validation for short review title","chromium","2026-04-02","passed","2026-04-02","Product Reviews","reviews.spec.js","",""
"","1995","14 should toggle same category off when clicked again","chromium","2026-04-02","passed","2026-04-02","Search and Filter","search-filter.spec.js","",""
"","798","01 should search via navbar and show results heading","chromium","2026-04-02","passed","2026-04-02","Search and Filter","search-filter.spec.js","",""
"","1164","04 should reject short password","chromium","2026-04-02","passed","2026-04-02","User Registration","registration.spec.js","",""
"","10686","08 should cancel placed order when Cancel Order is available","webkit","2026-04-02","passed","2026-04-02","Order Tracking","order-tracking.spec.js","",""
"","558","04 should validate empty email before submit","chromium","2026-04-02","passed","2026-04-02","User Login","login.spec.js","",""
"","547","12 should load reviews from API","chromium","2026-04-02","passed","2026-04-02","Product Reviews","reviews.spec.js","",""
"","1227","06 should show empty state for nonsense search","chromium","2026-04-02","passed","2026-04-02","Search and Filter","search-filter.spec.js","",""
"","5145","09 should validate UPI when UPI selected","chromium","2026-04-02","passed","2026-04-02","Checkout Flow","checkout.spec.js","",""
"","1561","09 should show Continue Shopping link","chromium","2026-04-02","passed","2026-04-02","Shopping Cart","shopping-cart.spec.js","",""
"","765","06 should not show add to cart for out of stock product","firefox","2026-04-02","passed","2026-04-02","Product Detail Page","product-detail.spec.js","",""
"","2826","10 should navigate to product detail when clicking a card","webkit","2026-04-02","passed","2026-04-02","Product Browsing","product-browsing.spec.js","",""
"","1562","11 should show star display on page","webkit","2026-04-02","passed","2026-04-02","Product Reviews","reviews.spec.js","",""
"","3294","09 should show Browse Products on empty orders for new user","firefox","2026-04-02","failed","2026-04-02","Order Tracking","order-tracking.spec.js","",""
"","575","13 should show quantity selector for in-stock product","chromium","2026-04-02","passed","2026-04-02","Product Detail Page","product-detail.spec.js","",""
"","1899","09 should show Account dropdown after login","webkit","2026-04-02","passed","2026-04-02","User Login","login.spec.js","",""
"","965","12 should display Create Account heading","webkit","2026-04-02","passed","2026-04-02","User Registration","registration.spec.js","",""
"","3834","10 should allow going back from payment to shipping","webkit","2026-04-02","passed","2026-04-02","Checkout Flow","checkout.spec.js","",""
"","2479","15 should allow Bob to open review form on eligible product","firefox","2026-04-02","passed","2026-04-02","Product Reviews","reviews.spec.js","",""
"","1719","10 should logout and show Login link","chromium","2026-04-02","passed","2026-04-02","User Login","login.spec.js","",""
"","1766","05 should sort by name A-Z","firefox","2026-04-02","passed","2026-04-02","Product Browsing","product-browsing.spec.js","",""
"","644","12 should navigate to not found for unknown product id","firefox","2026-04-02","passed","2026-04-02","Product Detail Page","product-detail.spec.js","",""
"","3943","12 should add two different products","chromium","2026-04-02","passed","2026-04-02","Shopping Cart","shopping-cart.spec.js","",""
"","1801","07 should show order items section","webkit","2026-04-02","passed","2026-04-02","Order Tracking","order-tracking.spec.js","",""
"","2099","13 should show payment method on detail","webkit","2026-04-02","passed","2026-04-02","Order Tracking","order-tracking.spec.js","",""
"","6494","12 should add two different products","webkit","2026-04-02","passed","2026-04-02","Shopping Cart","shopping-cart.spec.js","",""
"","4178","04 should complete order with Cash on Delivery","chromium","2026-04-02","passed","2026-04-02","Checkout Flow","checkout.spec.js","",""
"","1864","03 should reject invalid email format","webkit","2026-04-02","passed","2026-04-02","User Registration","registration.spec.js","",""
"","542","10 should require first name","chromium","2026-04-02","passed","2026-04-02","User Registration","registration.spec.js","",""
"","840","03 should show review form when logged in","chromium","2026-04-02","passed","2026-04-02","Product Reviews","reviews.spec.js","",""
"","1418","12 should allow typing brand partial match","chromium","2026-04-02","passed","2026-04-02","Search and Filter","search-filter.spec.js","",""
"","1008","10 should navigate to product detail when clicking a card","firefox","2026-04-02","passed","2026-04-02","Product Browsing","product-browsing.spec.js","",""
"","503","15 should stay on register when client validation fails","chromium","2026-04-02","passed","2026-04-02","User Registration","registration.spec.js","",""
"","1576","02 should show results count text","webkit","2026-04-02","passed","2026-04-02","Product Browsing","product-browsing.spec.js","",""
"","1581","06 should show order summary with subtotal","chromium","2026-04-02","passed","2026-04-02","Shopping Cart","shopping-cart.spec.js","",""
"","2867","15 should allow proceeding to checkout when items exist","webkit","2026-04-02","passed","2026-04-02","Shopping Cart","shopping-cart.spec.js","",""
"","5373","06 should complete order with credit card details","chromium","2026-04-02","passed","2026-04-02","Checkout Flow","checkout.spec.js","",""
"","3264","13 should set high price floor and may show empty","webkit","2026-04-02","passed","2026-04-02","Search and Filter","search-filter.spec.js","",""
"","7522","11 should show total on order card","firefox","2026-04-02","failed","2026-04-02","Order Tracking","order-tracking.spec.js","",""
"","446","14 should show password fields as password type","chromium","2026-04-02","passed","2026-04-02","User Registration","registration.spec.js","",""
"","2063","15 should show back to orders link on detail","webkit","2026-04-02","passed","2026-04-02","Order Tracking","order-tracking.spec.js","",""
"","957","08 should reject duplicate review for same product","chromium","2026-04-02","passed","2026-04-02","Product Reviews","reviews.spec.js","",""
"","6065","07 should filter by minimum rating 4 stars","webkit","2026-04-02","passed","2026-04-02","Search and Filter","search-filter.spec.js","",""
"","2925","08 should navigate to checkout via link","webkit","2026-04-02","passed","2026-04-02","Shopping Cart","shopping-cart.spec.js","",""
"","2868","03 should decrease quantity","chromium","2026-04-02","passed","2026-04-02","Shopping Cart","shopping-cart.spec.js","",""
"","2569","05 should show order status section on detail","firefox","2026-04-02","passed","2026-04-02","Order Tracking","order-tracking.spec.js","",""
"","2731","01 should show cart with line item","webkit","2026-04-02","passed","2026-04-02","Shopping Cart","shopping-cart.spec.js","",""
"","919","06 should show validation for short comment","chromium","2026-04-02","passed","2026-04-02","Product Reviews","reviews.spec.js","",""
"","1280","08 should reject duplicate review for same product","firefox","2026-04-02","passed","2026-04-02","Product Reviews","reviews.spec.js","",""
"","3988","03 should decrease quantity","webkit","2026-04-02","passed","2026-04-02","Shopping Cart","shopping-cart.spec.js","",""
"","3662","05 should add product to cart when logged in","firefox","2026-04-02","passed","2026-04-02","Product Detail Page","product-detail.spec.js","",""
"","3217","10 should allow going back from payment to shipping","firefox","2026-04-02","passed","2026-04-02","Checkout Flow","checkout.spec.js","",""
"","1448","01 should load My Orders page","chromium","2026-04-02","passed","2026-04-02","Order Tracking","order-tracking.spec.js","",""
"","1821","03 should filter by price range min max","firefox","2026-04-02","passed","2026-04-02","Search and Filter","search-filter.spec.js","",""
"","425","12 should display Create Account heading","chromium","2026-04-02","passed","2026-04-02","User Registration","registration.spec.js","",""
"","1874","04 should reject short password","webkit","2026-04-02","passed","2026-04-02","User Registration","registration.spec.js","",""
"","1994","11 should show total on order card","webkit","2026-04-02","passed","2026-04-02","Order Tracking","order-tracking.spec.js","",""
"","1902","04 should navigate to order detail","firefox","2026-04-02","passed","2026-04-02","Order Tracking","order-tracking.spec.js","",""
"","752","09 should show product image","firefox","2026-04-02","passed","2026-04-02","Product Detail Page","product-detail.spec.js","",""
"","1457","05 should sort by name A-Z","chromium","2026-04-02","passed","2026-04-02","Product Browsing","product-browsing.spec.js","",""
"","815","11 should show star display on page","firefox","2026-04-02","passed","2026-04-02","Product Reviews","reviews.spec.js","",""
"","655","12 should display Create Account heading","firefox","2026-04-02","passed","2026-04-02","User Registration","registration.spec.js","",""
"","2705","09 should show Continue Shopping link","webkit","2026-04-02","passed","2026-04-02","Shopping Cart","shopping-cart.spec.js","",""
"","1277","06 should show validation for short comment","firefox","2026-04-02","passed","2026-04-02","Product Reviews","reviews.spec.js","",""
"","721","09 should list existing reviews when present","firefox","2026-04-02","passed","2026-04-02","Product Reviews","reviews.spec.js","",""
"","1091","10 should show order date on list card","chromium","2026-04-02","passed","2026-04-02","Order Tracking","order-tracking.spec.js","",""
"","4870","02 should validate empty address fields","webkit","2026-04-02","passed","2026-04-02","Checkout Flow","checkout.spec.js","",""
"","3137","14 should show payment options including Debit Card","chromium","2026-04-02","passed","2026-04-02","Checkout Flow","checkout.spec.js","",""
"","2483","02 should list at least one order for seeded Alice","firefox","2026-04-02","passed","2026-04-02","Order Tracking","order-tracking.spec.js","",""
"","1932","05 should show validation for short review title","webkit","2026-04-02","passed","2026-04-02","Product Reviews","reviews.spec.js","",""
"","2278","05 should clear all filters","chromium","2026-04-02","passed","2026-04-02","Search and Filter","search-filter.spec.js","",""
"","950","05 should show order status section on detail","chromium","2026-04-02","passed","2026-04-02","Order Tracking","order-tracking.spec.js","",""
"","1389","15 should show sort dropdown","webkit","2026-04-02","passed","2026-04-02","Product Browsing","product-browsing.spec.js","",""
"","951","13 should show payment method on detail","chromium","2026-04-02","passed","2026-04-02","Order Tracking","order-tracking.spec.js","",""
"","3953","11 should filter by Books category","webkit","2026-04-02","passed","2026-04-02","Search and Filter","search-filter.spec.js","",""
"","761","02 should prompt sign in when logged out","firefox","2026-04-02","passed","2026-04-02","Product Reviews","reviews.spec.js","",""
"","604","14 should show Sign In button","firefox","2026-04-02","passed","2026-04-02","User Login","login.spec.js","",""
"","2173","02 should increase quantity","chromium","2026-04-02","passed","2026-04-02","Shopping Cart","shopping-cart.spec.js","",""
"","1472","06 should reject password mismatch","firefox","2026-04-02","passed","2026-04-02","User Registration","registration.spec.js","",""
"","527","11 should require last name","chromium","2026-04-02","passed","2026-04-02","User Registration","registration.spec.js","",""
"","1492","03 should reject invalid email format","firefox","2026-04-02","passed","2026-04-02","User Registration","registration.spec.js","",""
"","1848","07 should filter by Clothing category","firefox","2026-04-02","passed","2026-04-02","Product Browsing","product-browsing.spec.js","",""
"","2787","13 should set high price floor and may show empty","firefox","2026-04-02","passed","2026-04-02","Search and Filter","search-filter.spec.js","",""
"","1811","08 should filter by Electronics category","firefox","2026-04-02","passed","2026-04-02","Product Browsing","product-browsing.spec.js","",""
"","1415","14 should show review cards for seeded data","webkit","2026-04-02","passed","2026-04-02","Product Reviews","reviews.spec.js","",""
"","4864","12 should add two different products","firefox","2026-04-02","passed","2026-04-02","Shopping Cart","shopping-cart.spec.js","",""
"","2456","08 should reject duplicate review for same product","webkit","2026-04-02","passed","2026-04-02","Product Reviews","reviews.spec.js","",""
"","644","11 should show product cards with price","chromium","2026-04-02","passed","2026-04-02","Product Browsing","product-browsing.spec.js","",""
"","6662","08 should show review step with item list","webkit","2026-04-02","passed","2026-04-02","Checkout Flow","checkout.spec.js","",""
"","615","13 should load login form with email and password fields","firefox","2026-04-02","passed","2026-04-02","User Login","login.spec.js","",""
"","772","10 should require first name","firefox","2026-04-02","passed","2026-04-02","User Registration","registration.spec.js","",""
"","904","15 should allow login as Bob","chromium","2026-04-02","passed","2026-04-02","User Login","login.spec.js","",""
"","1823","01 should load My Orders page","firefox","2026-04-02","passed","2026-04-02","Order Tracking","order-tracking.spec.js","",""
"","4293","02 should validate empty address fields","firefox","2026-04-02","passed","2026-04-02","Checkout Flow","checkout.spec.js","",""
"","2254","14 should update navbar cart badge count","firefox","2026-04-02","passed","2026-04-02","Shopping Cart","shopping-cart.spec.js","",""
"","790","11 should navigate back using browser history","chromium","2026-04-02","passed","2026-04-02","Product Detail Page","product-detail.spec.js","",""
"","1532","08 should filter by Electronics category","chromium","2026-04-02","passed","2026-04-02","Product Browsing","product-browsing.spec.js","",""
"","4664","04 should combine category and brand text filter","webkit","2026-04-02","passed","2026-04-02","Search and Filter","search-filter.spec.js","",""
"","1870","11 should filter by Books category","firefox","2026-04-02","passed","2026-04-02","Search and Filter","search-filter.spec.js","",""
"","3941","07 should filter by Clothing category","webkit","2026-04-02","passed","2026-04-02","Product Browsing","product-browsing.spec.js","",""
"","2220","11 should show cart page heading","firefox","2026-04-02","passed","2026-04-02","Shopping Cart","shopping-cart.spec.js","",""
"","2461","13 should set high price floor and may show empty","chromium","2026-04-02","passed","2026-04-02","Search and Filter","search-filter.spec.js","",""
"","1559","01 should login successfully with valid seeded credentials","webkit","2026-04-02","passed","2026-04-02","User Login","login.spec.js","",""
"","1448","02 should reject duplicate email","firefox","2026-04-02","passed","2026-04-02","User Registration","registration.spec.js","",""
"","1241","04 should submit a verified purchase review for product 4","firefox","2026-04-02","passed","2026-04-02","Product Reviews","reviews.spec.js","",""
"","1551","01 should show cart with line item","chromium","2026-04-02","passed","2026-04-02","Shopping Cart","shopping-cart.spec.js","",""
"","1914","14 Bob should not see cancel on shipped order","firefox","2026-04-02","passed","2026-04-02","Order Tracking","order-tracking.spec.js","",""
"","1911","15 should load checkout only when authenticated","chromium","2026-04-02","passed","2026-04-02","Checkout Flow","checkout.spec.js","",""
"","3191","03 should advance to payment after valid shipping","chromium","2026-04-02","passed","2026-04-02","Checkout Flow","checkout.spec.js","",""
"","651","01 should show products grid when data loads","chromium","2026-04-02","passed","2026-04-02","Product Browsing","product-browsing.spec.js","",""
"","2728","07 should require star rating selection","firefox","2026-04-02","passed","2026-04-02","Product Reviews","reviews.spec.js","",""
"","5130","08 should show review step with item list","chromium","2026-04-02","passed","2026-04-02","Checkout Flow","checkout.spec.js","",""
"","1550","14 should update navbar cart badge count","chromium","2026-04-02","passed","2026-04-02","Shopping Cart","shopping-cart.spec.js","",""
"","856","10 should show brand when present","firefox","2026-04-02","passed","2026-04-02","Product Detail Page","product-detail.spec.js","",""
"","2215","10 should logout and show Login link","firefox","2026-04-02","passed","2026-04-02","User Login","login.spec.js","",""
"","3993","08 should filter by Accessories category","webkit","2026-04-02","passed","2026-04-02","Search and Filter","search-filter.spec.js","",""
"","1330","11 should require last name","webkit","2026-04-02","passed","2026-04-02","User Registration","registration.spec.js","",""
"","1018","04 should increase quantity with + control","chromium","2026-04-02","passed","2026-04-02","Product Detail Page","product-detail.spec.js","",""
"","964","12 should navigate to not found for unknown product id","webkit","2026-04-02","passed","2026-04-02","Product Detail Page","product-detail.spec.js","",""
"","2236","09 should open mobile filters panel on small viewports","webkit","2026-04-02","passed","2026-04-02","Product Browsing","product-browsing.spec.js","",""
"","1071","15 should stay on register when client validation fails","firefox","2026-04-02","passed","2026-04-02","User Registration","registration.spec.js","",""
"","2793","13 should show line subtotal per item","webkit","2026-04-02","passed","2026-04-02","Shopping Cart","shopping-cart.spec.js","",""
"","2602","07 should require star rating selection","webkit","2026-04-02","passed","2026-04-02","Product Reviews","reviews.spec.js","",""
"","5142","09 should validate UPI when UPI selected","firefox","2026-04-02","passed","2026-04-02","Checkout Flow","checkout.spec.js","",""
"","1458","04 should sort by price high to low","chromium","2026-04-02","passed","2026-04-02","Product Browsing","product-browsing.spec.js","",""
"","3106","15 should load checkout only when authenticated","webkit","2026-04-02","passed","2026-04-02","Checkout Flow","checkout.spec.js","",""
"","3580","14 should show payment options including Debit Card","webkit","2026-04-02","passed","2026-04-02","Checkout Flow","checkout.spec.js","",""
"","1173","06 should reject password mismatch","chromium","2026-04-02","passed","2026-04-02","User Registration","registration.spec.js","",""
"","2120","01 should register with valid unique email","webkit","2026-04-02","passed","2026-04-02","User Registration","registration.spec.js","",""
"","763","15 should display compare-at price when on sale","firefox","2026-04-02","passed","2026-04-02","Product Detail Page","product-detail.spec.js","",""
"","2655","04 should increase quantity with + control","webkit","2026-04-02","passed","2026-04-02","Product Detail Page","product-detail.spec.js","",""
"","1762","03 should sort by price low to high","firefox","2026-04-02","passed","2026-04-02","Product Browsing","product-browsing.spec.js","",""
"","643","02 should show results count text","chromium","2026-04-02","passed","2026-04-02","Product Browsing","product-browsing.spec.js","",""
"","566","11 should show star display on page","chromium","2026-04-02","passed","2026-04-02","Product Reviews","reviews.spec.js","",""
"","6815","01 should show checkout steps","webkit","2026-04-02","passed","2026-04-02","Checkout Flow","checkout.spec.js","",""
"","2218","15 should allow proceeding to checkout when items exist","firefox","2026-04-02","passed","2026-04-02","Shopping Cart","shopping-cart.spec.js","",""
"","725","02 should display price with rupee symbol","firefox","2026-04-02","passed","2026-04-02","Product Detail Page","product-detail.spec.js","",""
"","1616","08 should navigate to checkout via link","chromium","2026-04-02","passed","2026-04-02","Shopping Cart","shopping-cart.spec.js","",""
"","2162","06 should show order summary with subtotal","firefox","2026-04-02","passed","2026-04-02","Shopping Cart","shopping-cart.spec.js","",""
"","734","01 should display product name on detail page","firefox","2026-04-02","passed","2026-04-02","Product Detail Page","product-detail.spec.js","",""
"","1426","06 should sort by newest","chromium","2026-04-02","passed","2026-04-02","Product Browsing","product-browsing.spec.js","",""
"","2731","14 should update navbar cart badge count","webkit","2026-04-02","passed","2026-04-02","Shopping Cart","shopping-cart.spec.js","",""
"","2859","02 should increase quantity","firefox","2026-04-02","passed","2026-04-02","Shopping Cart","shopping-cart.spec.js","",""
"","1300","13 should show quantity selector for in-stock product","webkit","2026-04-02","passed","2026-04-02","Product Detail Page","product-detail.spec.js","",""
"","844","04 should submit a verified purchase review for product 4","chromium","2026-04-02","passed","2026-04-02","Product Reviews","reviews.spec.js","",""
"","872","07 should show order items section","chromium","2026-04-02","passed","2026-04-02","Order Tracking","order-tracking.spec.js","",""
"","1392","08 should show reviews section heading","webkit","2026-04-02","passed","2026-04-02","Product Detail Page","product-detail.spec.js","",""
"","3777","05 should add product to cart when logged in","webkit","2026-04-02","passed","2026-04-02","Product Detail Page","product-detail.spec.js","",""
"","1740","15 should sort by top rated","firefox","2026-04-02","passed","2026-04-02","Search and Filter","search-filter.spec.js","",""
"","1529","03 should sort by price low to high","chromium","2026-04-02","passed","2026-04-02","Product Browsing","product-browsing.spec.js","",""
"","1175","11 should navigate to register from login page","webkit","2026-04-02","passed","2026-04-02","User Login","login.spec.js","",""
"","2351","06 should sort by newest","webkit","2026-04-02","passed","2026-04-02","Product Browsing","product-browsing.spec.js","",""
"","4397","04 should navigate to order detail","webkit","2026-04-02","passed","2026-04-02","Order Tracking","order-tracking.spec.js","",""
"","1271","02 should display price with rupee symbol","webkit","2026-04-02","passed","2026-04-02","Product Detail Page","product-detail.spec.js","",""
"","1049","01 should login successfully with valid seeded credentials","chromium","2026-04-02","passed","2026-04-02","User Login","login.spec.js","",""
"","1466","04 should reject short password","firefox","2026-04-02","passed","2026-04-02","User Registration","registration.spec.js","",""
"","430","13 should load login form with email and password fields","chromium","2026-04-02","passed","2026-04-02","User Login","login.spec.js","",""
"","1181","04 should increase quantity with + control","firefox","2026-04-02","passed","2026-04-02","Product Detail Page","product-detail.spec.js","",""
"","806","11 should require last name","firefox","2026-04-02","passed","2026-04-02","User Registration","registration.spec.js","",""
"","1896","06 should reject password mismatch","webkit","2026-04-02","passed","2026-04-02","User Registration","registration.spec.js","",""
"","1719","04 should sort by price high to low","firefox","2026-04-02","passed","2026-04-02","Product Browsing","product-browsing.spec.js","",""
"","698","12 should show Filters sidebar on desktop","chromium","2026-04-02","passed","2026-04-02","Product Browsing","product-browsing.spec.js","",""
"","477","11 should navigate to register from login page","chromium","2026-04-02","passed","2026-04-02","User Login","login.spec.js","",""
"","1442","09 should filter Home and Kitchen category","chromium","2026-04-02","passed","2026-04-02","Search and Filter","search-filter.spec.js","",""
"","472","12 should navigate to not found for unknown product id","chromium","2026-04-02","passed","2026-04-02","Product Detail Page","product-detail.spec.js","",""
"","469","09 should navigate to login from footer link","chromium","2026-04-02","passed","2026-04-02","User Registration","registration.spec.js","",""
"","1496","01 should register with valid unique email","firefox","2026-04-02","passed","2026-04-02","User Registration","registration.spec.js","",""
"","1761","02 should show toast on wrong password","webkit","2026-04-02","passed","2026-04-02","User Login","login.spec.js","",""
"","1742","08 should cancel placed order when Cancel Order is available","chromium","2026-04-02","passed","2026-04-02","Order Tracking","order-tracking.spec.js","",""
"","580","03 should show stock status","chromium","2026-04-02","passed","2026-04-02","Product Detail Page","product-detail.spec.js","",""
"","1603","10 should display product title in cart line","chromium","2026-04-02","passed","2026-04-02","Shopping Cart","shopping-cart.spec.js","",""
"","962","09 should navigate to login from footer link","firefox","2026-04-02","passed","2026-04-02","User Registration","registration.spec.js","",""
"","973","09 should open mobile filters panel on small viewports","firefox","2026-04-02","passed","2026-04-02","Product Browsing","product-browsing.spec.js","",""
"","4625","04 should complete order with Cash on Delivery","webkit","2026-04-02","passed","2026-04-02","Checkout Flow","checkout.spec.js","",""
"","1271","03 should show toast for unregistered email","firefox","2026-04-02","passed","2026-04-02","User Login","login.spec.js","",""
"","664","07 should keep user on login page when validation fails","firefox","2026-04-02","passed","2026-04-02","User Login","login.spec.js","",""
"","574","02 should prompt sign in when logged out","chromium","2026-04-02","passed","2026-04-02","Product Reviews","reviews.spec.js","",""
"","2152","13 should show line subtotal per item","firefox","2026-04-02","passed","2026-04-02","Shopping Cart","shopping-cart.spec.js","",""
"","5326","05 should complete order with UPI and valid UPI id","chromium","2026-04-02","passed","2026-04-02","Checkout Flow","checkout.spec.js","",""
"","1643","13 should have remember shipping checkbox","chromium","2026-04-02","passed","2026-04-02","Checkout Flow","checkout.spec.js","",""
"","2450","12 should allow typing brand partial match","webkit","2026-04-02","passed","2026-04-02","Search and Filter","search-filter.spec.js","",""
"","478","08 should show errors when required fields empty","chromium","2026-04-02","passed","2026-04-02","User Registration","registration.spec.js","",""
"","2156","09 should show Continue Shopping link","firefox","2026-04-02","passed","2026-04-02","Shopping Cart","shopping-cart.spec.js","",""
"","3135","08 should stay logged in when navigating to products","firefox","2026-04-02","passed","2026-04-02","User Login","login.spec.js","",""
"","1740","01 should show checkout steps","chromium","2026-04-02","passed","2026-04-02","Checkout Flow","checkout.spec.js","",""
"","2830","04 should remove item from cart","firefox","2026-04-02","passed","2026-04-02","Shopping Cart","shopping-cart.spec.js","",""
"","670","12 should have password input type password","firefox","2026-04-02","passed","2026-04-02","User Login","login.spec.js","",""
"","2171","10 should display product title in cart line","firefox","2026-04-02","passed","2026-04-02","Shopping Cart","shopping-cart.spec.js","",""
"","703","06 should validate invalid email format","firefox","2026-04-02","passed","2026-04-02","User Login","login.spec.js","",""
"","1594","11 should navigate back using browser history","firefox","2026-04-02","passed","2026-04-02","Product Detail Page","product-detail.spec.js","",""
"","3952","01 should load My Orders page","webkit","2026-04-02","passed","2026-04-02","Order Tracking","order-tracking.spec.js","",""
"","3591","03 should advance to payment after valid shipping","webkit","2026-04-02","passed","2026-04-02","Checkout Flow","checkout.spec.js","",""
"","583","15 should display compare-at price when on sale","chromium","2026-04-02","passed","2026-04-02","Product Detail Page","product-detail.spec.js","",""
"","1274","15 should allow login as Bob","firefox","2026-04-02","passed","2026-04-02","User Login","login.spec.js","",""
"","922","12 should show shipping block on detail","chromium","2026-04-02","passed","2026-04-02","Order Tracking","order-tracking.spec.js","",""
"","575","10 should show numeric review count in heading","chromium","2026-04-02","passed","2026-04-02","Product Reviews","reviews.spec.js","",""
"","2291","13 should clear filters via Clear All","chromium","2026-04-02","passed","2026-04-02","Product Browsing","product-browsing.spec.js","",""
"","1308","09 should show product image","webkit","2026-04-02","passed","2026-04-02","Product Detail Page","product-detail.spec.js","",""
"","2401","14 should toggle same category off when clicked again","firefox","2026-04-02","passed","2026-04-02","Search and Filter","search-filter.spec.js","",""
"","2709","07 should show total in summary","webkit","2026-04-02","passed","2026-04-02","Shopping Cart","shopping-cart.spec.js","",""
"","1855","05 should reject weak password without uppercase","webkit","2026-04-02","passed","2026-04-02","User Registration","registration.spec.js","",""
"","436","14 should show Sign In button","chromium","2026-04-02","passed","2026-04-02","User Login","login.spec.js","",""
"","2588","03 should sort by price low to high","webkit","2026-04-02","passed","2026-04-02","Product Browsing","product-browsing.spec.js","",""
"","21253","13 should keep user on product page after failed validation","firefox","2026-04-02","passed","2026-04-02","Product Reviews","reviews.spec.js","",""
"","1264","12 should load reviews from API","webkit","2026-04-02","passed","2026-04-02","Product Reviews","reviews.spec.js","",""
"","2208","07 should show total in summary","firefox","2026-04-02","passed","2026-04-02","Shopping Cart","shopping-cart.spec.js","",""
"","1413","03 should show order id on card","chromium","2026-04-02","passed","2026-04-02","Order Tracking","order-tracking.spec.js","",""
"","1356","01 should show reviews section on product page","webkit","2026-04-02","passed","2026-04-02","Product Reviews","reviews.spec.js","",""
"","1338","07 should require star rating selection","chromium","2026-04-02","passed","2026-04-02","Product Reviews","reviews.spec.js","",""
"","6661","09 should validate UPI when UPI selected","webkit","2026-04-02","passed","2026-04-02","Checkout Flow","checkout.spec.js","",""
"","10733","08 should cancel placed order when Cancel Order is available","firefox","2026-04-02","passed","2026-04-02","Order Tracking","order-tracking.spec.js","",""
"","600","14 should prompt login for reviews when logged out","chromium","2026-04-02","passed","2026-04-02","Product Detail Page","product-detail.spec.js","",""
"","3943","02 should filter by Footwear category","webkit","2026-04-02","passed","2026-04-02","Search and Filter","search-filter.spec.js","",""
"","1256","13 should accept optional empty phone when other fields valid","chromium","2026-04-02","passed","2026-04-02","User Registration","registration.spec.js","",""
"","1733","05 should add product to cart when logged in","chromium","2026-04-02","passed","2026-04-02","Product Detail Page","product-detail.spec.js","",""
"","1556","07 should filter by Clothing category","chromium","2026-04-02","passed","2026-04-02","Product Browsing","product-browsing.spec.js","",""
"","1196","10 should require first name","webkit","2026-04-02","passed","2026-04-02","User Registration","registration.spec.js","",""
"","946","01 should show products grid when data loads","firefox","2026-04-02","passed","2026-04-02","Product Browsing","product-browsing.spec.js","",""
"","568","07 should show product description text","chromium","2026-04-02","passed","2026-04-02","Product Detail Page","product-detail.spec.js","",""
"","4514","13 should clear filters via Clear All","webkit","2026-04-02","passed","2026-04-02","Product Browsing","product-browsing.spec.js","",""
"","896","11 should show product cards with price","firefox","2026-04-02","passed","2026-04-02","Product Browsing","product-browsing.spec.js","",""
"","1497","03 should filter by price range min max","chromium","2026-04-02","passed","2026-04-02","Search and Filter","search-filter.spec.js","",""
"","1033","12 should show Filters sidebar on desktop","firefox","2026-04-02","passed","2026-04-02","Product Browsing","product-browsing.spec.js","",""
"","2694","11 should show cart page heading","webkit","2026-04-02","passed","2026-04-02","Shopping Cart","shopping-cart.spec.js","",""
"","2353","04 should combine category and brand text filter","chromium","2026-04-02","passed","2026-04-02","Search and Filter","search-filter.spec.js","",""
"","654","09 should open mobile filters panel on small viewports","chromium","2026-04-02","passed","2026-04-02","Product Browsing","product-browsing.spec.js","",""
"","960","14 should show password fields as password type","webkit","2026-04-02","passed","2026-04-02","User Registration","registration.spec.js","",""
"","520","07 should keep user on login page when validation fails","chromium","2026-04-02","passed","2026-04-02","User Login","login.spec.js","",""
"","1266","01 should register with valid unique email","chromium","2026-04-02","passed","2026-04-02","User Registration","registration.spec.js","",""
"","4224","03 should show order id on card","webkit","2026-04-02","passed","2026-04-02","Order Tracking","order-tracking.spec.js","",""
"","3529","10 should allow going back from payment to shipping","chromium","2026-04-02","passed","2026-04-02","Checkout Flow","checkout.spec.js","",""
"","789","13 should show quantity selector for in-stock product","firefox","2026-04-02","passed","2026-04-02","Product Detail Page","product-detail.spec.js","",""
"","1901","07 should reject invalid phone","webkit","2026-04-02","passed","2026-04-02","User Registration","registration.spec.js","",""
"","645","14 should load products page title All Products","chromium","2026-04-02","passed","2026-04-02","Product Browsing","product-browsing.spec.js","",""
"","1599","14 Bob should not see cancel on shipped order","chromium","2026-04-02","passed","2026-04-02","Order Tracking","order-tracking.spec.js","",""
"","2039","06 should show status tracker component","webkit","2026-04-02","passed","2026-04-02","Order Tracking","order-tracking.spec.js","",""
"","1460","13 should accept optional empty phone when other fields valid","firefox","2026-04-02","passed","2026-04-02","User Registration","registration.spec.js","",""
"","2417","08 should stay logged in when navigating to products","webkit","2026-04-02","passed","2026-04-02","User Login","login.spec.js","",""
"","2683","06 should show status tracker component","firefox","2026-04-02","passed","2026-04-02","Order Tracking","order-tracking.spec.js","",""
"","884","09 should show Account dropdown after login","chromium","2026-04-02","passed","2026-04-02","User Login","login.spec.js","",""
"","1147","10 should persist search in URL query","firefox","2026-04-02","passed","2026-04-02","Search and Filter","search-filter.spec.js","",""
"","1419","03 should show stock status","webkit","2026-04-02","passed","2026-04-02","Product Detail Page","product-detail.spec.js","",""
"","607","05 should validate empty password","chromium","2026-04-02","passed","2026-04-02","User Login","login.spec.js","",""
"","1860","04 should submit a verified purchase review for product 4","webkit","2026-04-02","passed","2026-04-02","Product Reviews","reviews.spec.js","",""
"","2094","02 should list at least one order for seeded Alice","chromium","2026-04-02","passed","2026-04-02","Order Tracking","order-tracking.spec.js","",""
"","3410","02 should increase quantity","webkit","2026-04-02","passed","2026-04-02","Shopping Cart","shopping-cart.spec.js","",""
"","1876","15 should allow login as Bob","webkit","2026-04-02","passed","2026-04-02","User Login","login.spec.js","",""
"","576","09 should list existing reviews when present","chromium","2026-04-02","passed","2026-04-02","Product Reviews","reviews.spec.js","",""
"","2625","07 should show order items section","firefox","2026-04-02","passed","2026-04-02","Order Tracking","order-tracking.spec.js","",""
"","1090","03 should show toast for unregistered email","chromium","2026-04-02","passed","2026-04-02","User Login","login.spec.js","",""
"","1347","08 should show errors when required fields empty","webkit","2026-04-02","passed","2026-04-02","User Registration","registration.spec.js","",""
"","1456","15 should sort by top rated","chromium","2026-04-02","passed","2026-04-02","Search and Filter","search-filter.spec.js","",""
"","2675","10 should show order date on list card","firefox","2026-04-02","passed","2026-04-02","Order Tracking","order-tracking.spec.js","",""
"","706","04 should validate empty email before submit","firefox","2026-04-02","passed","2026-04-02","User Login","login.spec.js","",""
